{"cameraMode":{"drawMode":0,"name":"Shaded","section":"Shading Mode"},"sceneLighting":false,"audioPlay":false,"sceneViewState":{"showFog":false,"showMaterialUpdate":false,"showSkybox":false,"showFlares":false,"showImageEffects":false,"showParticleSystems":false},"in2DMode":false,"pivot":{"x":-0.361328125,"y":3.732089042663574,"z":-0.8243857622146606},"rotation":{"x":-0.044306859374046329,"y":0.906304121017456,"z":-0.09826326370239258,"w":-0.40865209698677065},"size":11.658454895019532,"orthographic":true}