{"cameraMode":{"drawMode":0,"name":"Shaded","section":"Shading Mode"},"sceneLighting":false,"audioPlay":false,"sceneViewState":{"showFog":true,"showMaterialUpdate":true,"showSkybox":true,"showFlares":true,"showImageEffects":true,"showParticleSystems":true},"in2DMode":false,"pivot":{"x":-34.228721618652347,"y":-12.973532676696778,"z":-31.914445877075197},"rotation":{"x":0.07293401658535004,"y":-0.9110841155052185,"z":0.3617871105670929,"w":0.18366749584674836},"size":31.764623641967775,"orthographic":false}