{"cameraMode":{"drawMode":0,"name":"Shaded","section":"Shading Mode"},"sceneLighting":false,"audioPlay":false,"sceneViewState":{"showFog":true,"showMaterialUpdate":true,"showSkybox":false,"showFlares":true,"showImageEffects":true,"showParticleSystems":true},"in2DMode":false,"pivot":{"x":-46.187255859375,"y":22.94207763671875,"z":-74.8890380859375},"rotation":{"x":0.0980207622051239,"y":0.8177444934844971,"z":-0.14627161622047425,"w":0.5479967594146729},"size":2.3200299739837648,"orthographic":true}