{"cameraMode":{"drawMode":0,"name":"Shaded","section":"Shading Mode"},"sceneLighting":false,"audioPlay":false,"sceneViewState":{"showFog":true,"showMaterialUpdate":true,"showSkybox":false,"showFlares":true,"showImageEffects":true,"showParticleSystems":true},"in2DMode":false,"pivot":{"x":-63.71808624267578,"y":20.305490493774415,"z":-63.035911560058597},"rotation":{"x":0.00130486732814461,"y":0.989393413066864,"z":-0.14498130977153779,"w":0.008904783055186272},"size":20.944517135620118,"orthographic":true}