{"cameraMode":{"drawMode":0,"name":"Shaded","section":"Shading Mode"},"sceneLighting":false,"audioPlay":false,"sceneViewState":{"showFog":true,"showMaterialUpdate":true,"showSkybox":false,"showFlares":true,"showImageEffects":true,"showParticleSystems":true},"in2DMode":false,"pivot":{"x":-3.631608247756958,"y":7.955078125,"z":-9.636697769165039},"rotation":{"x":0.31436410546302798,"y":0.49841076135635378,"z":-0.20016933977603913,"w":0.7827486991882324},"size":12.292777061462403,"orthographic":true}