{"cameraMode":{"drawMode":0,"name":"Shaded","section":"Shading Mode"},"sceneLighting":false,"audioPlay":false,"sceneViewState":{"showFog":true,"showMaterialUpdate":true,"showSkybox":false,"showFlares":true,"showImageEffects":true,"showParticleSystems":true},"in2DMode":false,"pivot":{"x":-0.018000002950429918,"y":0.013500000350177288,"z":-0.016499999910593034},"rotation":{"x":-0.12324405461549759,"y":0.7234804630279541,"z":-0.13389495015144349,"w":-0.6659287810325623},"size":2.8421547412872316,"orthographic":true}