{"cameraMode":{"drawMode":0,"name":"Shaded","section":"Shading Mode"},"sceneLighting":false,"audioPlay":false,"sceneViewState":{"showFog":true,"showMaterialUpdate":true,"showSkybox":false,"showFlares":true,"showImageEffects":true,"showParticleSystems":true},"in2DMode":false,"pivot":{"x":-8.236882209777832,"y":8.111251831054688,"z":-6.646484375},"rotation":{"x":-0.13035432994365693,"y":0.8661198616027832,"z":-0.29666778445243838,"w":-0.38056886196136477},"size":12.852093696594239,"orthographic":true}