{"cameraMode":{"drawMode":0,"name":"Shaded","section":"Shading Mode"},"sceneLighting":false,"audioPlay":false,"sceneViewState":{"showFog":false,"showMaterialUpdate":false,"showSkybox":false,"showFlares":false,"showImageEffects":false,"showParticleSystems":false},"in2DMode":false,"pivot":{"x":-6.25,"y":6.349999904632568,"z":-8.399999618530274},"rotation":{"x":0.06324130296707154,"y":-0.9348134994506836,"z":0.21395576000213624,"w":0.27631351351737978},"size":19.954769134521486,"orthographic":true}