{"cameraMode":{"drawMode":0,"name":"Shaded","section":"Shading Mode"},"sceneLighting":false,"audioPlay":false,"sceneViewState":{"showFog":true,"showMaterialUpdate":true,"showSkybox":false,"showFlares":true,"showImageEffects":true,"showParticleSystems":true},"in2DMode":false,"pivot":{"x":-4.2490234375,"y":8.8916015625,"z":-5.4326171875},"rotation":{"x":-0.044158101081848147,"y":0.9516608119010925,"z":-0.25571152567863467,"w":-0.16433867812156678},"size":14.612774848937989,"orthographic":true}