{"cameraMode":{"drawMode":0,"name":"Shaded","section":"Shading Mode"},"sceneLighting":false,"audioPlay":false,"sceneViewState":{"showFog":true,"showMaterialUpdate":true,"showSkybox":false,"showFlares":true,"showImageEffects":true,"showParticleSystems":true},"in2DMode":false,"pivot":{"x":-2.913817882537842,"y":3.3814640045166017,"z":-2.507667064666748},"rotation":{"x":-0.12709926068782807,"y":0.8699294924736023,"z":-0.37325724959373476,"w":-0.2962231934070587},"size":13.943469047546387,"orthographic":false}