{"cameraMode":{"drawMode":0,"name":"Shaded","section":"Shading Mode"},"sceneLighting":false,"audioPlay":false,"sceneViewState":{"showFog":false,"showMaterialUpdate":false,"showSkybox":false,"showFlares":false,"showImageEffects":false,"showParticleSystems":false},"in2DMode":false,"pivot":{"x":-0.97265625,"y":2.8438525199890138,"z":3.379392623901367},"rotation":{"x":0.1369384527206421,"y":0.6541604399681091,"z":-0.12208078801631928,"w":0.7337712049484253},"size":12.166741371154786,"orthographic":true}