{"cameraMode":{"drawMode":0,"name":"Shaded","section":"Shading Mode"},"sceneLighting":false,"audioPlay":false,"sceneViewState":{"showFog":true,"showMaterialUpdate":true,"showSkybox":false,"showFlares":true,"showImageEffects":true,"showParticleSystems":true},"in2DMode":false,"pivot":{"x":0.06516456604003906,"y":1.8196773529052735,"z":-1.103532075881958},"rotation":{"x":0.07133086025714874,"y":-0.01346557680517435,"z":0.0009632051805965602,"w":0.9973627924919128},"size":5.304858684539795,"orthographic":true}