{"cameraMode":{"drawMode":0,"name":"Shaded","section":"Shading Mode"},"sceneLighting":false,"audioPlay":false,"sceneViewState":{"showFog":false,"showMaterialUpdate":false,"showSkybox":false,"showFlares":false,"showImageEffects":false,"showParticleSystems":false},"in2DMode":false,"pivot":{"x":-6.199999809265137,"y":6.300000190734863,"z":-8.449999809265137},"rotation":{"x":0.09045755118131638,"y":0.4567304253578186,"z":-0.04674860090017319,"w":0.8837597966194153},"size":8.581587791442871,"orthographic":true}