{"cameraMode":{"drawMode":0,"name":"Shaded","section":"Shading Mode"},"sceneLighting":false,"audioPlay":false,"sceneViewState":{"showFog":true,"showMaterialUpdate":true,"showSkybox":true,"showFlares":true,"showImageEffects":true,"showParticleSystems":true},"in2DMode":false,"pivot":{"x":50.10853576660156,"y":20.4375,"z":-4.301878929138184},"rotation":{"x":0.4203367829322815,"y":0.28782975673675539,"z":-0.14256827533245088,"w":0.8486140966415405},"size":38.07341766357422,"orthographic":true}