{"cameraMode":{"drawMode":0,"name":"Shaded","section":"Shading Mode"},"sceneLighting":false,"audioPlay":false,"sceneViewState":{"showFog":true,"showMaterialUpdate":true,"showSkybox":true,"showFlares":true,"showImageEffects":true,"showParticleSystems":true},"in2DMode":false,"pivot":{"x":-45.47174835205078,"y":-14.796483993530274,"z":-12.251152992248536},"rotation":{"x":-0.27884748578071597,"y":0.65651935338974,"z":-0.28612470626831057,"w":-0.6398223042488098},"size":34.009803771972659,"orthographic":false}