{"cameraMode":{"drawMode":0,"name":"Shaded","section":"Shading Mode"},"sceneLighting":false,"audioPlay":false,"sceneViewState":{"showFog":true,"showMaterialUpdate":true,"showSkybox":false,"showFlares":true,"showImageEffects":true,"showParticleSystems":true},"in2DMode":false,"pivot":{"x":-67.17742919921875,"y":20.305490493774415,"z":-87.69792175292969},"rotation":{"x":0.2187788486480713,"y":0.7114061117172241,"z":-0.25156888365745547,"w":0.6186791062355042},"size":22.99542999267578,"orthographic":true}