{"cameraMode":{"drawMode":0,"name":"Shaded","section":"Shading Mode"},"sceneLighting":false,"audioPlay":false,"sceneViewState":{"showFog":true,"showMaterialUpdate":true,"showSkybox":false,"showFlares":true,"showImageEffects":true,"showParticleSystems":true},"in2DMode":false,"pivot":{"x":-10.1484375,"y":6.13889217376709,"z":-6.9631524085998539},"rotation":{"x":-0.04806891083717346,"y":0.9432313442230225,"z":-0.1570611447095871,"w":-0.2886780798435211},"size":11.428813934326172,"orthographic":true}