{"cameraMode":{"drawMode":0,"name":"Shaded","section":"Shading Mode"},"sceneLighting":false,"audioPlay":false,"sceneViewState":{"showFog":true,"showMaterialUpdate":true,"showSkybox":false,"showFlares":true,"showImageEffects":true,"showParticleSystems":true},"in2DMode":false,"pivot":{"x":-83.28343963623047,"y":20.305490493774415,"z":-56.90129852294922},"rotation":{"x":0.39568647742271426,"y":0.28551262617111208,"z":-0.1309066116809845,"w":0.8630065321922302},"size":44.39992141723633,"orthographic":true}