{"cameraMode":{"drawMode":0,"name":"Shaded","section":"Shading Mode"},"sceneLighting":false,"audioPlay":false,"sceneViewState":{"showFog":true,"showMaterialUpdate":true,"showSkybox":false,"showFlares":true,"showImageEffects":true,"showParticleSystems":true},"in2DMode":false,"pivot":{"x":-91.75502014160156,"y":23.708236694335939,"z":-80.18376159667969},"rotation":{"x":0.2594221234321594,"y":0.5281804800033569,"z":-0.17350898683071137,"w":0.7897043824195862},"size":105.99762725830078,"orthographic":true}