{"cameraMode":{"drawMode":0,"name":"Shaded","section":"Shading Mode"},"sceneLighting":false,"audioPlay":false,"sceneViewState":{"showFog":true,"showMaterialUpdate":true,"showSkybox":false,"showFlares":true,"showImageEffects":true,"showParticleSystems":true},"in2DMode":false,"pivot":{"x":-0.31839117407798769,"y":0.12614546716213227,"z":-0.01318359375},"rotation":{"x":0.08749285340309143,"y":-0.8887529969215393,"z":0.1908251792192459,"w":0.4074912667274475},"size":2.967674732208252,"orthographic":true}