{"cameraMode":{"drawMode":0,"name":"Shaded","section":"Shading Mode"},"sceneLighting":false,"audioPlay":false,"sceneViewState":{"showFog":true,"showMaterialUpdate":true,"showSkybox":true,"showFlares":true,"showImageEffects":true,"showParticleSystems":true},"in2DMode":false,"pivot":{"x":-14.4208984375,"y":2.94189453125,"z":6.345703125},"rotation":{"x":0.023322949185967447,"y":0.9476658701896668,"z":-0.07120800018310547,"w":0.31037017703056338},"size":18.283349990844728,"orthographic":true}