{"cameraMode":{"drawMode":0,"name":"Shaded","section":"Shading Mode"},"sceneLighting":false,"audioPlay":false,"sceneViewState":{"showFog":true,"showMaterialUpdate":true,"showSkybox":false,"showFlares":true,"showImageEffects":true,"showParticleSystems":true},"in2DMode":false,"pivot":{"x":0.06516456604003906,"y":1.8196773529052735,"z":-1.103532075881958},"rotation":{"x":0.10576214641332627,"y":-0.1618352234363556,"z":0.01744818314909935,"w":0.9809811115264893},"size":3.8387629985809328,"orthographic":true}