{"cameraMode":{"drawMode":0,"name":"Shaded","section":"Shading Mode"},"sceneLighting":false,"audioPlay":false,"sceneViewState":{"showFog":false,"showMaterialUpdate":false,"showSkybox":false,"showFlares":false,"showImageEffects":false,"showParticleSystems":false},"in2DMode":false,"pivot":{"x":-11.15999984741211,"y":0.05000000074505806,"z":-0.10999995470046997},"rotation":{"x":0.15899592638015748,"y":-0.40688467025756838,"z":0.07215066999197006,"w":0.8966392278671265},"size":1.1687633991241456,"orthographic":true}