{"cameraMode":{"drawMode":0,"name":"Shaded","section":"Shading Mode"},"sceneLighting":false,"audioPlay":false,"sceneViewState":{"showFog":false,"showMaterialUpdate":false,"showSkybox":false,"showFlares":false,"showImageEffects":false,"showParticleSystems":false},"in2DMode":false,"pivot":{"x":-0.8500000238418579,"y":1.4500000476837159,"z":4.400000095367432},"rotation":{"x":0.10754506289958954,"y":0.17649045586585999,"z":-0.01940326765179634,"w":0.9782179594039917},"size":7.3161444664001469,"orthographic":true}