{"cameraMode":{"drawMode":0,"name":"Shaded","section":"Shading Mode"},"sceneLighting":false,"audioPlay":false,"sceneViewState":{"showFog":false,"showMaterialUpdate":false,"showSkybox":false,"showFlares":false,"showImageEffects":false,"showParticleSystems":false},"in2DMode":false,"pivot":{"x":0.43355444073677065,"y":3.0900726318359377,"z":5.1796875},"rotation":{"x":-0.0278850719332695,"y":0.9510784149169922,"z":-0.0901455506682396,"w":-0.2942028343677521},"size":17.18023681640625,"orthographic":true}