{"cameraMode":{"drawMode":0,"name":"Shaded","section":"Shading Mode"},"sceneLighting":false,"audioPlay":false,"sceneViewState":{"showFog":true,"showMaterialUpdate":true,"showSkybox":false,"showFlares":true,"showImageEffects":true,"showParticleSystems":true},"in2DMode":false,"pivot":{"x":-46.218292236328128,"y":22.605663299560548,"z":-74.852294921875},"rotation":{"x":0.06660604476928711,"y":-0.8973252773284912,"z":0.14527028799057008,"w":0.4114214777946472},"size":1.1176748275756837,"orthographic":true}