{"cameraMode":{"drawMode":0,"name":"Shaded","section":"Shading Mode"},"sceneLighting":false,"audioPlay":false,"sceneViewState":{"showFog":false,"showMaterialUpdate":false,"showSkybox":false,"showFlares":false,"showImageEffects":false,"showParticleSystems":false},"in2DMode":false,"pivot":{"x":-33.63191604614258,"y":-15.233393669128418,"z":-0.5456361770629883},"rotation":{"x":0.47586607933044436,"y":-0.287106990814209,"z":0.16779646277427674,"w":0.8142291307449341},"size":33.38356018066406,"orthographic":false}