{"cameraMode":{"drawMode":0,"name":"Shaded","section":"Shading Mode"},"sceneLighting":false,"audioPlay":false,"sceneViewState":{"showFog":false,"showMaterialUpdate":false,"showSkybox":false,"showFlares":false,"showImageEffects":false,"showParticleSystems":false},"in2DMode":false,"pivot":{"x":1.7212581634521485,"y":3.17578125,"z":3.970797538757324},"rotation":{"x":0.20763590931892396,"y":0.39786773920059206,"z":-0.09294836968183518,"w":0.8887915015220642},"size":10.58478832244873,"orthographic":true}