{"cameraMode":{"drawMode":0,"name":"Shaded","section":"Shading Mode"},"sceneLighting":false,"audioPlay":false,"sceneViewState":{"showFog":true,"showMaterialUpdate":true,"showSkybox":true,"showFlares":true,"showImageEffects":true,"showParticleSystems":true},"in2DMode":false,"pivot":{"x":-11.166159629821778,"y":6.8422465324401859,"z":-5.97900390625},"rotation":{"x":0.3434355854988098,"y":0.28496891260147097,"z":-0.1102011501789093,"w":0.8880879878997803},"size":36.876808166503909,"orthographic":true}