{"cameraMode":{"drawMode":0,"name":"Shaded","section":"Shading Mode"},"sceneLighting":false,"audioPlay":false,"sceneViewState":{"showFog":true,"showMaterialUpdate":true,"showSkybox":false,"showFlares":true,"showImageEffects":true,"showParticleSystems":true},"in2DMode":false,"pivot":{"x":-46.218292236328128,"y":22.605663299560548,"z":-74.852294921875},"rotation":{"x":0.08597217500209809,"y":0.14443878829479218,"z":-0.012597965076565743,"w":0.9856914281845093},"size":1.675462007522583,"orthographic":true}