{"cameraMode":{"drawMode":0,"name":"Shaded","section":"Shading Mode"},"sceneLighting":false,"audioPlay":false,"sceneViewState":{"showFog":false,"showMaterialUpdate":false,"showSkybox":false,"showFlares":false,"showImageEffects":false,"showParticleSystems":false},"in2DMode":false,"pivot":{"x":-0.361328125,"y":3.732089042663574,"z":-0.8243857622146606},"rotation":{"x":-0.008569374680519104,"y":0.9864757061004639,"z":-0.05480572208762169,"w":-0.1542428582906723},"size":11.658454895019532,"orthographic":true}