{"cameraMode":{"drawMode":0,"name":"Shaded","section":"Shading Mode"},"sceneLighting":false,"audioPlay":false,"sceneViewState":{"showFog":true,"showMaterialUpdate":true,"showSkybox":false,"showFlares":true,"showImageEffects":true,"showParticleSystems":true},"in2DMode":false,"pivot":{"x":-0.0458984375,"y":0.40294840931892397,"z":-0.8935239315032959},"rotation":{"x":0.10854167491197586,"y":0.8152225017547607,"z":-0.16228538751602174,"w":0.5452468991279602},"size":2.0797054767608644,"orthographic":true}