{"cameraMode":{"drawMode":0,"name":"Shaded","section":"Shading Mode"},"sceneLighting":false,"audioPlay":false,"sceneViewState":{"showFog":false,"showMaterialUpdate":false,"showSkybox":false,"showFlares":false,"showImageEffects":false,"showParticleSystems":false},"in2DMode":false,"pivot":{"x":-6.25,"y":6.300000190734863,"z":-8.399999618530274},"rotation":{"x":0.06710872799158097,"y":0.8589367270469666,"z":-0.11666608601808548,"w":0.49407824873924258},"size":23.040048599243165,"orthographic":true}