{"cameraMode":{"drawMode":0,"name":"Shaded","section":"Shading Mode"},"sceneLighting":false,"audioPlay":false,"sceneViewState":{"showFog":true,"showMaterialUpdate":true,"showSkybox":false,"showFlares":true,"showImageEffects":true,"showParticleSystems":true},"in2DMode":false,"pivot":{"x":-46.218292236328128,"y":22.605663299560548,"z":-74.852294921875},"rotation":{"x":0.10258623212575913,"y":0.30517423152923586,"z":-0.033087559044361117,"w":0.9461766481399536},"size":0.5837460160255432,"orthographic":true}