{"cameraMode":{"drawMode":0,"name":"Shaded","section":"Shading Mode"},"sceneLighting":false,"audioPlay":false,"sceneViewState":{"showFog":true,"showMaterialUpdate":true,"showSkybox":false,"showFlares":true,"showImageEffects":true,"showParticleSystems":true},"in2DMode":false,"pivot":{"x":-0.06201171875,"y":0.410384863615036,"z":-0.14123229682445527},"rotation":{"x":0.10889028012752533,"y":0.8395560383796692,"z":-0.18289850652217866,"w":0.4998372495174408},"size":2.52384877204895,"orthographic":true}