{"cameraMode":{"drawMode":0,"name":"Shaded","section":"Shading Mode"},"sceneLighting":false,"audioPlay":false,"sceneViewState":{"showFog":true,"showMaterialUpdate":true,"showSkybox":false,"showFlares":true,"showImageEffects":true,"showParticleSystems":true},"in2DMode":false,"pivot":{"x":-47.1181640625,"y":55.123046875,"z":-45.6279296875},"rotation":{"x":0.32120341062545779,"y":0.3577970564365387,"z":-0.13259603083133698,"w":0.8667372465133667},"size":6.839277267456055,"orthographic":true}