{"cameraMode":{"drawMode":0,"name":"Shaded","section":"Shading Mode"},"sceneLighting":false,"audioPlay":false,"sceneViewState":{"showFog":false,"showMaterialUpdate":false,"showSkybox":false,"showFlares":false,"showImageEffects":false,"showParticleSystems":false},"in2DMode":false,"pivot":{"x":-1.6304922103881837,"y":45.9661865234375,"z":-0.9382882118225098},"rotation":{"x":-0.06658471375703812,"y":-0.8708938956260681,"z":0.12308143824338913,"w":-0.47113364934921267},"size":15.453003883361817,"orthographic":false}