{"cameraMode":{"drawMode":0,"name":"Shaded","section":"Shading Mode"},"sceneLighting":false,"audioPlay":false,"sceneViewState":{"showFog":true,"showMaterialUpdate":true,"showSkybox":false,"showFlares":true,"showImageEffects":true,"showParticleSystems":true},"in2DMode":false,"pivot":{"x":-6.199999809265137,"y":6.350000381469727,"z":-8.399999618530274},"rotation":{"x":-0.029364600777626039,"y":0.966313898563385,"z":-0.12829947471618653,"w":-0.22116553783416749},"size":11.973945617675782,"orthographic":true}