{"cameraMode":{"drawMode":0,"name":"Shaded","section":"Shading Mode"},"sceneLighting":false,"audioPlay":false,"sceneViewState":{"showFog":true,"showMaterialUpdate":true,"showSkybox":false,"showFlares":true,"showImageEffects":true,"showParticleSystems":true},"in2DMode":false,"pivot":{"x":-6.200000286102295,"y":6.349999904632568,"z":-8.399999618530274},"rotation":{"x":0.027984000742435457,"y":-0.9592600464820862,"z":0.10254921764135361,"w":0.2617667317390442},"size":19.734033584594728,"orthographic":true}