{"cameraMode":{"drawMode":0,"name":"Shaded","section":"Shading Mode"},"sceneLighting":false,"audioPlay":false,"sceneViewState":{"showFog":true,"showMaterialUpdate":true,"showSkybox":true,"showFlares":true,"showImageEffects":true,"showParticleSystems":true},"in2DMode":false,"pivot":{"x":-25.277780532836915,"y":-15.988625526428223,"z":8.130681037902832},"rotation":{"x":-0.41778677701950076,"y":-0.05964212119579315,"z":0.027497174218297006,"w":-0.9061757326126099},"size":32.46059036254883,"orthographic":false}