{"cameraMode":{"drawMode":0,"name":"Shaded","section":"Shading Mode"},"sceneLighting":false,"audioPlay":false,"sceneViewState":{"showFog":true,"showMaterialUpdate":true,"showSkybox":false,"showFlares":true,"showImageEffects":true,"showParticleSystems":true},"in2DMode":false,"pivot":{"x":-9.23046875,"y":44.00239944458008,"z":-12.272052764892579},"rotation":{"x":0.3451057970523834,"y":-0.08850853145122528,"z":0.03270991891622543,"w":0.9338082075119019},"size":22.46747398376465,"orthographic":true}