{"cameraMode":{"drawMode":0,"name":"Shaded","section":"Shading Mode"},"sceneLighting":false,"audioPlay":false,"sceneViewState":{"showFog":true,"showMaterialUpdate":true,"showSkybox":false,"showFlares":true,"showImageEffects":true,"showParticleSystems":true},"in2DMode":false,"pivot":{"x":-46.2599983215332,"y":22.899999618530275,"z":-74.83999633789063},"rotation":{"x":0.273321270942688,"y":0.01875603012740612,"z":-0.005330435466021299,"w":0.9617254734039307},"size":0.8083295822143555,"orthographic":true}