{"cameraMode":{"drawMode":0,"name":"Shaded","section":"Shading Mode"},"sceneLighting":false,"audioPlay":false,"sceneViewState":{"showFog":true,"showMaterialUpdate":true,"showSkybox":false,"showFlares":true,"showImageEffects":true,"showParticleSystems":true},"in2DMode":false,"pivot":{"x":-9.4267578125,"y":8.389145851135254,"z":-7.2038984298706059},"rotation":{"x":0.20397841930389405,"y":0.6569557189941406,"z":-0.19140253961086274,"w":0.7001205682754517},"size":10.546330451965332,"orthographic":true}