{"cameraMode":{"drawMode":0,"name":"Shaded","section":"Shading Mode"},"sceneLighting":false,"audioPlay":false,"sceneViewState":{"showFog":false,"showMaterialUpdate":false,"showSkybox":false,"showFlares":false,"showImageEffects":false,"showParticleSystems":false},"in2DMode":false,"pivot":{"x":-23.420612335205079,"y":3.566592216491699,"z":-8.569782257080079},"rotation":{"x":0.2729926109313965,"y":0.4564482569694519,"z":-0.14949123561382295,"w":0.833540141582489},"size":7.847142219543457,"orthographic":false}