{"cameraMode":{"drawMode":0,"name":"Shaded","section":"Shading Mode"},"sceneLighting":false,"audioPlay":false,"sceneViewState":{"showFog":false,"showMaterialUpdate":false,"showSkybox":false,"showFlares":false,"showImageEffects":false,"showParticleSystems":false},"in2DMode":false,"pivot":{"x":-6.199999809265137,"y":6.299999713897705,"z":-8.449999809265137},"rotation":{"x":0.014883366413414479,"y":-0.9566683769226074,"z":0.2865242660045624,"w":0.049693942070007327},"size":18.44778823852539,"orthographic":true}