{"cameraMode":{"drawMode":0,"name":"Shaded","section":"Shading Mode"},"sceneLighting":false,"audioPlay":false,"sceneViewState":{"showFog":true,"showMaterialUpdate":true,"showSkybox":false,"showFlares":true,"showImageEffects":true,"showParticleSystems":true},"in2DMode":false,"pivot":{"x":-62.37376403808594,"y":20.305490493774415,"z":-63.86076736450195},"rotation":{"x":0.0843358263373375,"y":0.7805470824241638,"z":-0.10792404413223267,"w":0.6099181175231934},"size":26.10792350769043,"orthographic":true}