{"cameraMode":{"drawMode":0,"name":"Shaded","section":"Shading Mode"},"sceneLighting":false,"audioPlay":false,"sceneViewState":{"showFog":true,"showMaterialUpdate":true,"showSkybox":false,"showFlares":true,"showImageEffects":true,"showParticleSystems":true},"in2DMode":false,"pivot":{"x":-0.035400390625,"y":0.21965667605400086,"z":-0.20806141197681428},"rotation":{"x":0.11430123448371887,"y":0.8156560659408569,"z":-0.1725723147392273,"w":0.5402402877807617},"size":1.5317803621292115,"orthographic":true}