{"cameraMode":{"drawMode":0,"name":"Shaded","section":"Shading Mode"},"sceneLighting":false,"audioPlay":false,"sceneViewState":{"showFog":true,"showMaterialUpdate":true,"showSkybox":false,"showFlares":true,"showImageEffects":true,"showParticleSystems":true},"in2DMode":false,"pivot":{"x":-63.30854797363281,"y":20.205490112304689,"z":-58.83845901489258},"rotation":{"x":0.09842699021100998,"y":0.8179446458816528,"z":-0.14706428349018098,"w":0.5474173426628113},"size":16.278230667114259,"orthographic":true}