{"cameraMode":{"drawMode":0,"name":"Shaded","section":"Shading Mode"},"sceneLighting":false,"audioPlay":false,"sceneViewState":{"showFog":true,"showMaterialUpdate":true,"showSkybox":false,"showFlares":true,"showImageEffects":true,"showParticleSystems":true},"in2DMode":false,"pivot":{"x":6.176988124847412,"y":2.912327766418457,"z":-0.7302926182746887},"rotation":{"x":0.0424533449113369,"y":0.9562770128250122,"z":-0.1778673231601715,"w":0.22824415564537049},"size":8.501057624816895,"orthographic":true}