{"cameraMode":{"drawMode":0,"name":"Shaded","section":"Shading Mode"},"sceneLighting":false,"audioPlay":false,"sceneViewState":{"showFog":false,"showMaterialUpdate":false,"showSkybox":false,"showFlares":false,"showImageEffects":false,"showParticleSystems":false},"in2DMode":false,"pivot":{"x":-2.7477426528930666,"y":-5.026322364807129,"z":-2.867173194885254},"rotation":{"x":-0.012775573879480362,"y":-0.9200251698493958,"z":0.3904975354671478,"w":-0.030098820105195047},"size":25.08987808227539,"orthographic":false}