{"cameraMode":{"drawMode":0,"name":"Shaded","section":"Shading Mode"},"sceneLighting":false,"audioPlay":false,"sceneViewState":{"showFog":true,"showMaterialUpdate":true,"showSkybox":false,"showFlares":true,"showImageEffects":true,"showParticleSystems":true},"in2DMode":false,"pivot":{"x":-46.2599983215332,"y":22.899999618530275,"z":-74.83999633789063},"rotation":{"x":0.04937038943171501,"y":0.30654972791671755,"z":-0.015923557803034784,"w":0.9504411220550537},"size":2.8970823287963869,"orthographic":true}