{"cameraMode":{"drawMode":0,"name":"Shaded","section":"Shading Mode"},"sceneLighting":false,"audioPlay":false,"sceneViewState":{"showFog":false,"showMaterialUpdate":false,"showSkybox":false,"showFlares":false,"showImageEffects":false,"showParticleSystems":false},"in2DMode":false,"pivot":{"x":0.43355444073677065,"y":3.0900726318359377,"z":5.1796875},"rotation":{"x":0.01075015403330326,"y":0.9749240875244141,"z":-0.21698853373527528,"w":0.048298340290784839},"size":17.18023681640625,"orthographic":true}