{"cameraMode":{"drawMode":0,"name":"Shaded","section":"Shading Mode"},"sceneLighting":false,"audioPlay":false,"sceneViewState":{"showFog":false,"showMaterialUpdate":false,"showSkybox":false,"showFlares":false,"showImageEffects":false,"showParticleSystems":false},"in2DMode":false,"pivot":{"x":-6.274284839630127,"y":3.9685378074645998,"z":-8.3984375},"rotation":{"x":0.06075195595622063,"y":-0.9367008209228516,"z":0.2055339217185974,"w":0.27687135338783266},"size":10.433462142944336,"orthographic":true}