{"cameraMode":{"drawMode":0,"name":"Shaded","section":"Shading Mode"},"sceneLighting":false,"audioPlay":false,"sceneViewState":{"showFog":false,"showMaterialUpdate":false,"showSkybox":false,"showFlares":false,"showImageEffects":false,"showParticleSystems":false},"in2DMode":false,"pivot":{"x":-3.791085720062256,"y":4.32086706161499,"z":-8.3984375},"rotation":{"x":0.05276872217655182,"y":-0.89821457862854,"z":0.11240915209054947,"w":0.42165374755859377},"size":13.489605903625489,"orthographic":true}