{"cameraMode":{"drawMode":0,"name":"Shaded","section":"Shading Mode"},"sceneLighting":false,"audioPlay":false,"sceneViewState":{"showFog":true,"showMaterialUpdate":false,"showSkybox":false,"showFlares":true,"showImageEffects":true,"showParticleSystems":true},"in2DMode":false,"pivot":{"x":-75.10638427734375,"y":20.305490493774415,"z":-63.003395080566409},"rotation":{"x":0.4403582513332367,"y":-0.0032341661863029005,"z":0.001586221856996417,"w":0.8978177309036255},"size":19.584169387817384,"orthographic":true}